{"cameraMode":{"drawMode":0,"name":"Shaded","section":"Shading Mode"},"sceneLighting":true,"audioPlay":false,"sceneViewState":{"m_AlwaysRefresh":false,"showFog":true,"showSkybox":true,"showFlares":true,"showImageEffects":true,"showParticleSystems":true,"showVisualEffectGraphs":true,"m_FxEnabled":true},"in2DMode":false,"pivot":{"x":0.6739630103111267,"y":-8.267571449279786,"z":-0.1167319267988205},"rotation":{"x":-0.7066859602928162,"y":-0.003826910862699151,"z":0.0038113470654934646,"w":-0.7075172662734985},"size":8.228983879089356,"orthographic":false}