{"cameraMode":{"drawMode":0,"name":"Shaded","section":"Shading Mode"},"sceneLighting":true,"audioPlay":false,"sceneViewState":{"m_AlwaysRefresh":false,"showFog":true,"showSkybox":true,"showFlares":true,"showImageEffects":true,"showParticleSystems":true,"showVisualEffectGraphs":true,"m_FxEnabled":true},"in2DMode":false,"pivot":{"x":0.680238664150238,"y":-8.212018013000489,"z":1.2148759365081788},"rotation":{"x":-0.6774671673774719,"y":-0.0017713902052491904,"z":0.00162092549726367,"w":-0.7355580925941467},"size":7.779432773590088,"orthographic":false}