{"cameraMode":{"drawMode":0,"name":"Shaded","section":"Shading Mode"},"sceneLighting":true,"audioPlay":false,"sceneViewState":{"m_AlwaysRefresh":false,"showFog":true,"showSkybox":true,"showFlares":true,"showImageEffects":true,"showParticleSystems":true,"showVisualEffectGraphs":true,"m_FxEnabled":true},"in2DMode":false,"pivot":{"x":0.8472262620925903,"y":0.433797150850296,"z":0.6320328116416931},"rotation":{"x":0.0011282808845862747,"y":0.9971625208854675,"z":-0.07373412698507309,"w":0.015259215608239174},"size":6.554732799530029,"orthographic":false}